name,id,url
一生独一 吉他轮指版,1821207859,http://m704.music.126.net/20220905225036/b4516cacfe2cbbfd22d91353e822ef40/jdyyaac/obj/w5rDlsOJwrLDjj7CmsOj/7512836580/d55f/2a2c/8b3c/82e8b2477572676928537e509dea9983.m4a?authSecret=000001830e0adcf1134a0aaba315264d
一场游戏一场梦,158924,http://m10.music.126.net/20220905225037/3d2f763a517667ee2eda2458e5c0890f/yyaac/obj/wonDkMOGw6XDiTHCmMOi/3036062435/05ca/31b3/ce70/1fc4d5dd68c154f0de335b0cd1ff1d45.m4a
用心良苦,190778,http://m704.music.126.net/20220905225037/c8c56da9947de3d8373a21fd7edeee7e/jdyyaac/0459/005a/0609/33ab8e49997074dc07b11c39b6aa8ebd.m4a?authSecret=000001830e0ae16e15760aaba31d1d49
倩女幽魂,186545,http://m704.music.126.net/20220905225038/87b45e3402b781f75b8123d0e792f059/jdyyaac/535a/010f/5353/d0af53fdcc6e8dce3e46d9cb9db90433.m4a?authSecret=000001830e0ae3831bbd0aaba246d73b
只愿一生爱一人,32689004,http://m704.music.126.net/20220905225038/1ff5c2146c9ac48a5f2e0fb0ed88782c/jdyyaac/510e/565d/525e/fd0f954de5a792cb35e5e431a4459d6d.m4a?authSecret=000001830e0ae5cc1dd80aaba3a723bc
偏偏喜欢你,400161446,http://m804.music.126.net/20220905225039/ad9ce679ab153f48e58c1a2a913e2fdb/jdyyaac/obj/w5rDlsOJwrLDjj7CmsOj/17122622103/4209/8533/cc0b/7a730f634cd8c1ba8dc641c2f4a8eee4.m4a?authSecret=000001830e0ae7e7184d0aaba245d819
护花使者,115569,http://m704.music.126.net/20220905225039/4674e42d8f0bc75f93ddb7afb1b3229c/jdyyaac/obj/w5rDlsOJwrLDjj7CmsOj/14096541975/45ca/fa8d/4360/4ed063d2090b2278b06f0fc830b6fe59.m4a?authSecret=000001830e0aea0509f20aaba0790123
故乡的云,83010,http://m804.music.126.net/20220905225040/becef2bc2d483ed191bbdd7cd79c78b8/jdyyaac/0559/070f/050f/236ba1b5ec0eeb7d18ac2e0996600015.m4a?authSecret=000001830e0aec0c0df30aa460ba09db
红尘来去一场梦,158923,http://m804.music.126.net/20220905225040/3a5a11fe1a7df6aba6e276ac7a49a8a5/jdyyaac/000c/560b/565e/7fb2762f52aa241467a3a4bf1cd01a1b.m4a?authSecret=000001830e0aee310d120aaba1270881
萍聚,259541,http://m704.music.126.net/20220905225041/c6aaf0ec5d1915b6de3c52bf404da1a1/jdyyaac/obj/w5rDlsOJwrLDjj7CmsOj/14889327995/3f0b/6993/28b0/1c7e59c014c479cfd3fa739844d4873f.m4a?authSecret=000001830e0af04a0a960aaba077eacf
背包,145644,http://m10.music.126.net/20220905225042/38f5045e330ecb80fde38d0ffe42c974/yyaac/obj/wonDkMOGw6XDiTHCmMOi/3047064651/7529/66bf/6072/37b2fa7076b96482af8a1084b02aa9f8.m4a
乡间的小路,194740,http://m10.music.126.net/20220905225042/30d79a8568ecca2f30b30f59d2d96b8c/yyaac/obj/wonDkMOGw6XDiTHCmMOi/3064207175/2962/1396/3a22/f8ee5adbeef7b79337cf9d1bf20f56fe.m4a
当爱已成往事,108452,http://m10.music.126.net/20220905225043/1845b86e68bf93fcf372f8bf89f54f0d/ymusic/e254/f226/89d0/9d005a28dbd115fa375f9f1d65b86a85.mp3
童年,109530,http://m804.music.126.net/20220905225043/7ef9944d69e1247557cf44ef10ccce41/jdyyaac/535c/030b/045c/d60bfbe8504a14b7444d36fc55228d2c.m4a?authSecret=000001830e0af93a115e0aaba09b13f2
回家,158027,http://m10.music.126.net/20220905225044/3b647414b52d895fbe7836aceefc1b18/yyaac/obj/wonDkMOGw6XDiTHCmMOi/3047299689/7ab3/926f/d280/fcbe194a68c8193fba9913259c0e9630.m4a
人间,300062,http://m804.music.126.net/20220905225045/b09cc28d1c15140449ec02c8a43c38f7/jdyyaac/560e/005c/0159/adc37e13ed76afe70bcd63d9518bb4b8.m4a?authSecret=000001830e0afe0d0a410aa4681a0523
我是不是该安静的走开,89770,http://m704.music.126.net/20220905225045/2a6c8129a7d704eed38ba411a2bbfddc/jdyyaac/obj/w5rDlsOJwrLDjj7CmsOj/11600598384/97a1/b10d/ff35/3b6df3f49bb32656e68b975241146dc4.m4a?authSecret=000001830e0b0066003c0aa4636d08a1
壮志在我胸,64392,http://m10.music.126.net/20220905225046/5ebc71d5866b5e89ebb6ebd57a57f714/yyaac/obj/wonDkMOGw6XDiTHCmMOi/3859682080/bcac/9329/4b17/fb5a1b45fa5d584b6216ce5cd5b1995e.m4a
敢问路在何方,27552548,http://m704.music.126.net/20220905225047/3b2af77d165b11ba789726eeb0856f61/jdyyaac/555a/0458/0e08/b0aba4b2713285f644fe9b2658c4c5f1.m4a?authSecret=000001830e0b0645126d0aaba556103c
明明白白我的心,64861,http://m10.music.126.net/20220905225047/3b3050e7a2199f0d342804a4e874b74a/yyaac/obj/wonDkMOGw6XDiTHCmMOi/3431355081/7536/a35d/192c/57338aa68238b929974d36f9f06ff068.m4a
笑红尘,210866,http://m10.music.126.net/20220905225048/b7f2f53e4a2945e431292a72d8092c57/yyaac/obj/wonDkMOGw6XDiTHCmMOi/3443626232/f60e/cec6/f740/9df54f751b5b061528d550f1c51a7a12.m4a
小芳,122058,http://m10.music.126.net/20220905225049/ce20fc6ce183de5f1d1b1d0c8d628111/yyaac/obj/wonDkMOGw6XDiTHCmMOi/3036431072/880c/3335/8507/0d59f14deb06fc13d7d8749500562391.m4a
容易受伤的女人(粤),28302393,http://m804.music.126.net/20220905225049/b5b111a0e4e7929a989efaeaec395a14/jdyyaac/obj/w5rDlsOJwrLDjj7CmsOj/7224663593/2915/c32c/2d9e/573846a625e4475e18bcc284b35d26b8.m4a?authSecret=000001830e0b103b1c400aaba09600fe
当爱在靠近,4875691,http://m804.music.126.net/20220905225050/d823c30d426e3be58b2af2f34b2c592a/jdyyaac/5559/0059/525f/b30121b5647303df02abe501aaa3ab2f.m4a?authSecret=000001830e0b127a0c310aa4638635f2
英雄泪,158128,http://m10.music.126.net/20220905225050/fa12ff03e760dc083196a5f0595a1c64/yyaac/obj/wonDkMOGw6XDiTHCmMOi/3047018653/8627/9a72/854b/4db70682e5296580269dd6f80bf1b836.m4a
为你我受冷风吹,256374,http://m10.music.126.net/20220905225051/a600e95d4737bac2c739541b49c2dec6/yyaac/obj/wonDkMOGw6XDiTHCmMOi/3060556708/d2ce/9116/8185/b231c35805ef70688d6a38598e565e6d.m4a
萍聚,5244921,http://m10.music.126.net/20220905225051/ac08196b94f5d3475f4e3d833fd1ce44/ymusic/e880/a304/4b8b/0eee60292b43e400373ddfeb043bd543.mp3
一生有意义,439100796,http://m804.music.126.net/20220905225052/20cf08e47b25d89566ddf57034266463/jdyyaac/555d/015e/025d/b732aab43d64867574aa57345d159267.m4a?authSecret=000001830e0b1b74086a0aaba0802208
Because I Love You,5145740,http://m804.music.126.net/20220905225053/f0ca151b534e52b373fc740c636a35bf/jdyyaac/025b/020c/520e/51f5a655b25faa240315edee3aac6651.m4a?authSecret=000001830e0b1dd80b5e0aaba38e0dd6
风雨无阻,186435,http://m10.music.126.net/20220905225053/e7d24c76331faede0f5e8d03c30a5355/yyaac/obj/wonDkMOGw6XDiTHCmMOi/3064616045/548c/978c/9891/5b525083f4f455277c305b1b253df689.m4a
中华民谣,5280037,http://m704.music.126.net/20220905225054/6ef29e99d7f995b60e1b8d6a3ba82a8f/jdyyaac/obj/w5rDlsOJwrLDjj7CmsOj/11985528814/4b0d/9818/171b/8e95fea70636e73f86b935648bdd9778.m4a?authSecret=000001830e0b22641a890aa46832637e
爱江山更爱美人,256469,http://m704.music.126.net/20220905225054/01acd42f9bc266ac6546dfdd20a56639/jdyyaac/obj/w5rDlsOJwrLDjj7CmsOj/12268860920/b068/831a/124f/dfb9e6a99e55caa5bfb8b00c685aac17.m4a?authSecret=000001830e0b24ab14ba0aaba0d7acab
今夜你会不会来,115250,http://m10.music.126.net/20220905225055/aa55e13461dbf86c987ec4938255f0b4/yyaac/obj/wonDkMOGw6XDiTHCmMOi/4051619761/1872/2201/7f90/3dc00300f77546f8c189ae624c3f943a.m4a
很爱很爱你,254427,http://m704.music.126.net/20220905225055/97feb1bda8758b9cdb8d21e1804caf2e/jdyyaac/065c/015e/050b/166623108a64e556325d2aff1c3a2f73.m4a?authSecret=000001830e0b28c704280aaba38d3122
孤枕难眠,186432,http://m10.music.126.net/20220905225056/081b005edadeceb1612ff67930725d2a/yyaac/obj/wonDkMOGw6XDiTHCmMOi/3062437728/f362/feed/6ac0/e5dca2fb572e96bdb3a2c1f9ec9ee0da.m4a
是否我真的一无所有,157446,http://m10.music.126.net/20220905225057/a38d96c70397c2fb95b153c7f0a9fa3f/yyaac/obj/wonDkMOGw6XDiTHCmMOi/3058537183/3936/1919/3ba2/9273b9493b1eb5ebb8a4dcffa9070b67.m4a
沧海一声笑,170052,http://m804.music.126.net/20220905225057/17c9ef3ea8e37252b8cf3cfa07e0229c/jdyyaac/565a/045d/5209/a09eea46dc3786a3683eecb78364eb25.m4a?authSecret=000001830e0b2f7614f00aaba5451dc0
其实不想走,186443,http://m10.music.126.net/20220905225058/de91765761c6ccb90cd2965cc5c3f901/yyaac/obj/wonDkMOGw6XDiTHCmMOi/3064190748/ba4f/19b8/27bf/33b05f878a4d8b633931a6ac9dabfc61.m4a
春光美,332110,http://m10.music.126.net/20220905225058/7e14530071e9a8a23e267111ffd3866c/ymusic/985b/f846/ebff/ebad3a264e03b7e386afea6d587dc5a1.mp3
人在旅途,5247458,http://m10.music.126.net/20220905225059/49db67cfc273fdc04af57377ab419c19/yyaac/obj/wonDkMOGw6XDiTHCmMOi/3036487904/7d81/d183/6ed6/73b64faa90577c2288b8aeab292144ec.m4a
做个真的我,5281910,http://m704.music.126.net/20220905225059/283a14e14b2001de6e9557946068275c/jdyyaac/0709/020c/525e/0cab6557c55fbed76b01e4766d0d91c6.m4a?authSecret=000001830e0b37dd05d90aaba61623ee
听说爱情回来过,255904,http://m10.music.126.net/20220905225100/6761b92fa714fa5e4225aa469b3bd310/yyaac/obj/wonDkMOGw6XDiTHCmMOi/3058481957/f82f/a7f3/9d4f/eb41834b64561fe7fb72219601f4b450.m4a
浪子心声,171530,http://m10.music.126.net/20220905225100/c931cec06d74e5031fdcab264a14dd2a/yyaac/obj/wonDkMOGw6XDiTHCmMOi/3051954194/b484/7c40/9b5b/b28ba95dc005b1c8ca4e9cc1209c31ba.m4a
有没有人告诉你,66525,http://m10.music.126.net/20220905225101/cac8a55aeeb9b1d60cffae426ee76881/yyaac/obj/wonDkMOGw6XDiTHCmMOi/3048603535/12f9/09c6/ccc8/91063476464aeee5cfb38df24d51f19c.m4a
情人,347355,http://m804.music.126.net/20220905225101/82449b0be41f705f40a65edfa73c274c/jdyyaac/5209/5409/010e/ec7ab40f38cc96f68e646d0a24676663.m4a?authSecret=000001830e0b402f0ec60aaba02d0309
外婆的澎湖湾,195401,http://m10.music.126.net/20220905225102/4c0b8db643b67ef20352dea1cf0dd0cb/yyaac/obj/wonDkMOGw6XDiTHCmMOi/3050801707/e93a/0369/761e/2c2f2e34ed4092c0f6d2aecc0dee3a69.m4a
你怎么舍得我难过,5255637,http://m704.music.126.net/20220905225103/193af246726364d325ec7fc41731dfc4/jdyyaac/obj/w5rDlsOJwrLDjj7CmsOj/12252281903/fc0b/4593/0f31/039258eff11afb0e8db7cfa718ce9722.m4a?authSecret=000001830e0b44b71c700aa4638c05f6
领悟,308518,http://m704.music.126.net/20220905225103/6dd7bae8a15002302b8c8fc9a5306e1f/jdyyaac/545f/0509/515f/c50ea09deb2c89a11a62f54b0db80605.m4a?authSecret=000001830e0b470916fa0aaba44b261f
相见恨晚,280922,http://m804.music.126.net/20220905225104/a419f6398c6f3f9d09fd1f626c088459/jdyyaac/obj/w5rDlsOJwrLDjj7CmsOj/10480820730/d2a0/21b9/ccae/79c823103e01da796a6e9273c5459cae.m4a?authSecret=000001830e0b493510050aaba12e9a68
问,210873,http://m10.music.126.net/20220905225104/83df401ed073423146487b5d0217ea98/yyaac/obj/wonDkMOGw6XDiTHCmMOi/3443505751/c376/90c4/ec68/cb795fc8eacb217ec9e0c979ad7f14ca.m4a
我的中国心,195373,http://m804.music.126.net/20220905225105/b349ead9f836599b1bb774439296198d/jdyyaac/535d/0559/030b/d72d09ba1d237859d2214aa7094b218c.m4a?authSecret=000001830e0b4d9c0c200aaba5fa0238
滚滚红尘,5251472,http://m10.music.126.net/20220905225105/308cde638aab8bee84fa226a0d7fc533/ymusic/0376/92bc/fc1b/f0bf12dec70cc25d1440752760bcf6f1.mp3
追梦人,108711,http://m10.music.126.net/20220905225106/72a654822cd1b355206723f5a2b74958/yyaac/obj/wonDkMOGw6XDiTHCmMOi/3064194681/2411/0e45/e7c2/9808018a7ab667c5d565edea0cd2bd61.m4a
半点心,349072,http://m10.music.126.net/20220905225107/ab415244f3f46960657c8a6c7a5eb944/yyaac/obj/wonDkMOGw6XDiTHCmMOi/3061711358/2ce6/6adc/1c64/f2af46b8dff9a168b6c75bb1e8113db7.m4a
你知道我在等你吗,192159,http://m804.music.126.net/20220905225107/a27d138e275374d566ad8ec241bd2a91/jdyyaac/5408/0e0f/005d/cbd96d54489efa810c8677d7a45ba56b.m4a?authSecret=000001830e0b564805860aaba5150c66
相思风雨中,188555,http://m804.music.126.net/20220905225108/ed5547d069f844a8352345b4dde1c0d2/jdyyaac/0353/000f/0609/49d931c7ce7e192f87fd1c3d520a07b3.m4a?authSecret=000001830e0b585c0ab90aaba0302668
谁明浪子心,158655,http://m10.music.126.net/20220905225108/94e193c3f6680f99277197d68d84d7bc/yyaac/obj/wonDkMOGw6XDiTHCmMOi/3035953486/0cbb/d712/6baa/39f47f28af65ab6b7b892fab6ad489b4.m4a
讲不出再见,487003379,http://m704.music.126.net/20220905225109/95ddd5a1eb0960130609c861eba0b387/jdyyaac/515b/025d/0709/f1f04e989d575c3dc49b0c7210b5cc49.m4a?authSecret=000001830e0b5ca90a200aa460a703bc
Moskau,4023379,http://m704.music.126.net/20220905225109/7d54b938cc1bacdfb137c66d4f84216b/jdyyaac/005a/0e5d/005b/70f6f19dae97b82e396f713aec1aae4b.m4a?authSecret=000001830e0b5efc093a0aaba0c5df3a
爱我的人和我爱的人,284189,http://m804.music.126.net/20220905225110/a481ed18972d7998a31c38ef42e83e85/jdyyaac/obj/w5rDlsOJwrLDjj7CmsOj/11162540987/65b7/8bdc/dcf4/d40e2f732809221e54a1d6f82f90d900.m4a?authSecret=000001830e0b614801c20aaba0437689
膨胀,1296558060,http://m10.music.126.net/20220905225110/c432ccf7ab7fe1b74b0089f1317787bd/yyaac/obj/wonDkMOGw6XDiTHCmMOi/14056002038/c43a/a991/3ad7/b40bdb250b8d62b49f32667ce0be4d8a.m4a
流星雨,354455,http://m10.music.126.net/20220905225111/d3ef7833f844bd3398e84f87aa88d4bb/yyaac/obj/wonDkMOGw6XDiTHCmMOi/3035982098/ebcb/458f/091c/3065eb464d9b55a77f698f6650568e2d.m4a
残酷月光,108557,
我们的爱,354593,http://m704.music.126.net/20220905225112/115600e8a3f0ddfbb399b445230f8525/jdyyaac/obj/w5rDlsOJwrLDjj7CmsOj/14096638544/9973/0b1c/5eb8/983ddc55008b9a14a5a9c21237160998.m4a?authSecret=000001830e0b6a8b16240aa4681520a9
童话,85491,http://m10.music.126.net/20220905225113/0a5d313ca7efd94f165f3c666e946bd6/yyaac/obj/wonDkMOGw6XDiTHCmMOi/3058416198/55a9/eaa0/3bbb/e1735a58eda6f8dc07fad1d6bf9fe787.m4a
一直很安静,205274,
温柔,386538,http://m804.music.126.net/20220905225114/507053a6858075e3ae5e7d3ccbe0fb4b/jdyyaac/obj/w5rDlsOJwrLDjj7CmsOj/14096627820/56d0/1998/ae51/3c117ef686804d449ef634dd19546cfa.m4a?authSecret=000001830e0b71640db60aaba52418a1
海阔天空,387717,http://m10.music.126.net/20220905225115/f3611915044d2ffbbb4aa1de5ed0a8d8/ymusic/515c/0f5c/0459/f64605ab9f86d8c482993334eebf29f2.mp3
修炼爱情,25727803,http://m704.music.126.net/20220905225115/1cb67a014b6925dd1626a60f79c6edd8/jdyyaac/obj/w5rDlsOJwrLDjj7CmsOj/14096409959/ca7e/7674/81ed/b29b8120c627da46b8a162cece4c47ed.m4a?authSecret=000001830e0b75a101440aa460a87179
可惜没如果,29814898,http://m704.music.126.net/20220905225116/1f5a7e6572830cbd0ec1d24e266e9a3f/jdyyaac/obj/w5rDlsOJwrLDjj7CmsOj/14096480427/4369/d0c1/0194/192d8f2af56d7b7e1c9863443575ad89.m4a?authSecret=000001830e0b77ee05b40aaba517e225
没有情人的情人节,276734,http://m704.music.126.net/20220905225116/20893da4dc2d6ffb60aa2d4c37221a00/jdyyaac/555b/010b/525a/b1f29c3e546ac670e75ce0ed889485e6.m4a?authSecret=000001830e0b7a0b03dc0aaba43a17f2
如果云知道,307514,http://m804.music.126.net/20220905225117/e89912a74a1fbd5b70ddf33cab1b6ca0/jdyyaac/545f/530e/0f5e/c589d06adedd23f049d584ffaf96beed.m4a?authSecret=000001830e0b7c7707e00aaba3b0189b
伤痕,255894,http://m10.music.126.net/20220905225117/635b9c6ab141ecae85bc8bfebf644311/yyaac/obj/wonDkMOGw6XDiTHCmMOi/3058742616/c66a/bbe7/3703/d1a8d8528a26647aeedcb38335497571.m4a
漂洋过海来看你,298490,http://m10.music.126.net/20220905225118/850fe0ad3eca963a534c2e71318e5618/yyaac/obj/wonDkMOGw6XDiTHCmMOi/3046836130/45f4/9ce6/24bf/4b8cda6433e406d8c6ff6bfa12317adc.m4a
爱上你是一个错,176430,
沉默是金,171269,http://m10.music.126.net/20220905225119/9119039a18436f188ff234419922a0e7/yyaac/obj/wonDkMOGw6XDiTHCmMOi/3036125866/e4c2/0ce0/3edf/086bd5ed54d6dc56e1707ad881087472.m4a
别哭，我最爱的人,190053,
星星点灯,5270129,http://m804.music.126.net/20220905225120/a32aaeb425ba319ffb72975aed6664ef/jdyyaac/025e/005e/535d/541cb44cd5746e4cac80d746d2d8d85a.m4a?authSecret=000001830e0b898d1ced0aaba363041c
一生所爱,25707139,http://m804.music.126.net/20220905225121/9fb219b487ba748b7705bb09868637ad/jdyyaac/obj/w5rDlsOJwrLDjj7CmsOj/14096587120/258c/9d14/3f82/5bfd5c089ed3ef59d383f91a94b5389a.m4a?authSecret=000001830e0b8bc807d00aaba0d1279d
口是心非,186724,
我独自在风雨中,86126,http://m704.music.126.net/20220905225122/40c64cbb0905394d9f3f6e96feaf1a5b/jdyyaac/060c/515c/035c/1fb4782202f65dd8316746e910cff27a.m4a?authSecret=000001830e0b9042034d0aaba0781a05
只要你过得比我好,194526,http://m704.music.126.net/20220905225122/0bf72d60c86683550deca73256f62161/jdyyaac/055e/0359/535c/24d3972edf43ba45a048d62dd57670b7.m4a?authSecret=000001830e0b926318800aaba5491c09
水手,5238221,http://m10.music.126.net/20220905225123/59a1f965232ebff0c44ada4e701ee28b/ymusic/86fb/549a/7106/36d94182eb539eecc509314be9462b12.mp3
朋友,187134,http://m704.music.126.net/20220905225124/fa569f310dd7b7f96938b4c8729b0933/jdyyaac/5653/525e/055d/a9454d96a2e420643b002734d6f7fe08.m4a?authSecret=000001830e0b96df0fb20aaba144cc7d
江南,108914,http://m704.music.126.net/20220905225124/15a6974be30715cd65fa29a2f85d9724/jdyyaac/obj/w5rDlsOJwrLDjj7CmsOj/14096406907/9c51/b0cb/2e29/6b632b8f03c3e013ba48ef96eef6a7c5.m4a?authSecret=000001830e0b9922058a0aa4638b04ea
驿动的心,104657,http://m704.music.126.net/20220905225125/8404ddf80810518158dfef44ef32c7c1/jdyyaac/obj/w5rDlsOJwrLDjj7CmsOj/18242225975/6214/91ef/15b5/a75279aa2fb8684cb87e117935b84ada.m4a?authSecret=000001830e0b9b660e5f0aaba3ab0d27
天才白痴梦,172416,http://m10.music.126.net/20220905225125/f52e14b6f44d0f39eb03e8ec2422ffe1/yyaac/obj/wonDkMOGw6XDiTHCmMOi/2976571886/7a7d/a351/a137/0440cff1e2c61132c83987c30b1b31d4.m4a
独角戏,307525,http://m804.music.126.net/20220905225126/eaeff6b36e7214cbc2d613bb19ae6a5f/jdyyaac/555b/0758/050e/b17344c58502406d6dd22d8bb9c71110.m4a?authSecret=000001830e0b9fd905d30aa468220a59
太傻,158616,http://m804.music.126.net/20220905225126/ec32f13df65eaed049ac35f39d19bdef/jdyyaac/obj/w5rDlsOJwrLDjj7CmsOj/7152838995/6127/da16/11c3/e089405a3531d5dc177f2e39043783ab.m4a?authSecret=000001830e0ba1f7170f0aaba0565723
遇见,287035,http://m804.music.126.net/20220905225127/8b4599a087584c448cb61760c80b7459/jdyyaac/obj/w5rDlsOJwrLDjj7CmsOj/14783188672/fb19/bd91/e367/b4a47d7ac3bc7a4cc44933152e0b2560.m4a?authSecret=000001830e0ba4180b9b0aaba1370d43
烦恼歌,187672,http://m704.music.126.net/20220905225128/9d55f6c409265b631bd131564d7067a6/jdyyaac/0509/010f/5508/2cd2be33506e02212ca2bb5b53dcbb31.m4a?authSecret=000001830e0ba63601c20aa4638c05f6
爱我别走,185919,http://m804.music.126.net/20220905225128/6b8844e9f5b8732f28d4a53ec4307362/jdyyaac/025c/035f/025a/5601fde25d45445bb9ea50458d45e8e9.m4a?authSecret=000001830e0ba85f154a0aaba04600de
牵手,287752,http://m804.music.126.net/20220905225129/a664c4ee06beff711efe2f6da023e433/jdyyaac/obj/w5rDlsOJwrLDjj7CmsOj/11387263422/898c/7632/4c11/58b86c07c7a665e1c2771ddc15270b3a.m4a?authSecret=000001830e0baa8515ad0aa4681a0523
弯弯的月亮,71302,http://m804.music.126.net/20220905225129/fc698b281c20411b311255011349f95e/jdyyaac/0253/065f/545f/59a572d5f41529191ef4c5993e043582.m4a?authSecret=000001830e0bacae1bd80aaba3a22295
失恋阵线联盟,349892,http://m804.music.126.net/20220905225130/7fa4280e543ffb4c99c2bba129805e4c/jdyyaac/obj/w5rDlsOJwrLDjj7CmsOj/12767400290/5e82/813e/f8ef/59bed44551616521ba34adeaa60352cf.m4a?authSecret=000001830e0baeb70ec50aaba3a11134
一生何求,65642,http://m804.music.126.net/20220905225130/0ffc2922f358ba0c6e2b357f3f290a57/jdyyaac/obj/w5rDlsOJwrLDjj7CmsOj/11614175661/678f/70cb/91cf/e7c044ab5219f86b4bca5e58eedb3c8d.m4a?authSecret=000001830e0bb0ea02980aaba3b21762
月亮惹的祸,5243631,http://m804.music.126.net/20220905225131/04a8bb975c9040fff723f9c7545d4a54/jdyyaac/5252/5353/510f/e8ed726fc8d9d31b7181fe4963278708.m4a?authSecret=000001830e0bb30206870aaba0882141
朋友,152428,http://m10.music.126.net/20220905225131/f802d716c7691c25c12aeacd595e6bbc/yyaac/obj/wonDkMOGw6XDiTHCmMOi/3058396519/c7f0/58d8/6892/1ac179640db3d06830ec40da76a934d4.m4a
酒干倘卖无,288218,http://m804.music.126.net/20220905225132/dcc9e4917d33fadea333dda24939d43e/jdyyaac/030b/5253/0353/4a9f87ea1be917198d3d494dcca11d94.m4a?authSecret=000001830e0bb72d0ccb0aaba0ce0b67
最浪漫的事,329994,http://m10.music.126.net/20220905225132/65bb0d7f3b8d7b2a97c2e209f15e5182/yyaac/obj/wonDkMOGw6XDiTHCmMOi/3057180739/8572/edea/e77b/450bf4411aeb8f075508e9ce78257209.m4a
谢谢你的爱,110184,http://m704.music.126.net/20220905225133/4e96f1b9b37ceb455f60ec29c14f290b/jdyyaac/040b/0458/0753/3ac68bfd9432fc2837e00939a9d2b96e.m4a?authSecret=000001830e0bbb370cb50aaba3240e5e
一千个伤心的理由,486814713,http://m804.music.126.net/20220905225133/aa45efd88ed6ef96aee254a7d18710db/jdyyaac/015e/0609/515e/6451f40c811cd02b5f11f4b45a8fc759.m4a?authSecret=000001830e0bbd6c08ac0aaba0790123
浮夸,64886,http://m704.music.126.net/20220905225134/182ba4755f2711121a345607f6a21aff/jdyyaac/0452/0e58/5659/38eda9aa88921c04e1e9a35c995def55.m4a?authSecret=000001830e0bbfcd04b80aaba3b8170f
如果有来生,293948,http://m704.music.126.net/20220905225135/12149bb4fb7d452015b979f163923fe6/jdyyaac/obj/w5rDlsOJwrLDjj7CmsOj/11162529356/22a1/7d64/7535/cd72e5ae031fa6743ffff0d02c97accd.m4a?authSecret=000001830e0bc1dd112c0aaba521900b
月半小夜曲,114024,http://m804.music.126.net/20220905225135/a44c18cfd427eb5b873b9ab048bf03a4/jdyyaac/030e/005a/025e/4d0993305b70651eb706549ddfebdf73.m4a?authSecret=000001830e0bc43c164f0aaba0990105
不再犹豫,346084,http://m804.music.126.net/20220905225136/b2809df9ca0850085f8069fa43878adf/jdyyaac/obj/w5rDlsOJwrLDjj7CmsOj/14096569896/2fef/e44c/c793/a6eebffee85b64ca3c0b88803f14b262.m4a?authSecret=000001830e0bc6c0005a0aaba38505c1
雨一直下,5243638,http://m704.music.126.net/20220905225136/19fb7dfcf4b8d654d891b8f340c6b848/jdyyaac/050b/5552/045e/2a28346f00b8487b6756347429bf30a7.m4a?authSecret=000001830e0bc8dc0d640aaba39e1945
再回首,104527,http://m804.music.126.net/20220905225137/3ea387d957a7071ec68d9a774e4e1f2d/jdyyaac/050f/565e/045a/2ed1df95baa48f984edf30c45221af11.m4a?authSecret=000001830e0bcb29137b0aaba3217330
愿得一人心,22854159,
恰似你的温柔,210837,
当,351116,
友情岁月,193535,http://m704.music.126.net/20220905225139/82b5dec2fc45593a9ad9f6d3fa822e3a/jdyyaac/obj/w5rDlsOJwrLDjj7CmsOj/8832293400/d992/9802/f2f2/f605427aef3ef1d45a76c6bdeb870e1e.m4a?authSecret=000001830e0bd3d612400aaba3a22295
其实你不懂我的心,150992,http://m10.music.126.net/20220905225140/18e9328aaa4484f2dce006635bfe66dc/yyaac/obj/wonDkMOGw6XDiTHCmMOi/1930024411/b29b/fd58/85a0/dc4185662dacce789f67944b4886d839.m4a
一起走过的日子,113075,http://m10.music.126.net/20220905225140/b328be890d23d0569c1ab9142177e4da/yyaac/obj/wonDkMOGw6XDiTHCmMOi/3058295168/ddfd/06f4/50dc/837b80f55622f7e5bc0bc6c4187a9045.m4a
海阔天空,347230,http://m804.music.126.net/20220905225141/8fa90807e5ecab3caef11974d88d82f7/jdyyaac/obj/w5rDlsOJwrLDjj7CmsOj/14096592342/4ab2/5398/4bab/8e7da24facfe10375917d3296a6c23d7.m4a?authSecret=000001830e0bda3c078b0aa463899cfe
明天你是否依然爱我,150996,http://m10.music.126.net/20220905225141/6ad831afabe0665b651c8c8f7a4b1ae8/yyaac/obj/wonDkMOGw6XDiTHCmMOi/1930031369/50da/fc85/68c8/a0773ece9c91ca67b4dfcca6f19c64e2.m4a
千千阕歌,212233,http://m704.music.126.net/20220905225142/3b0964e6a3e7a37242be39a8b5727dc5/jdyyaac/obj/w5rDlsOJwrLDjj7CmsOj/14096497959/1f58/6365/dd69/b941e6d37d5c0d3c07a8c1dc3628b196.m4a?authSecret=000001830e0bde911d570aaba60afcef
南屏晚钟,210766,http://m10.music.126.net/20220905225143/64b4d60b2d559e6e2f851851ba927f04/yyaac/0558/535c/070b/22a2905da7d69d9f955b0a32bad2e3e0.m4a
飘雪,212430,http://m804.music.126.net/20220905225143/d4cc085258437c82048f6ec82c32ef6e/jdyyaac/005f/0f08/540f/7530dc0d138bf68ab4e4ce68250cf3aa.m4a?authSecret=000001830e0be33306e10aaba44fa498
铁血丹心,112678,http://m10.music.126.net/20220905225144/c95312c0122cb7930155d2cdbb455527/yyaac/obj/wonDkMOGw6XDiTHCmMOi/3035919314/bf94/afb8/089b/b8dd158f3b39b720270d12185bec7cf6.m4a
亲亲我的宝贝,296884,http://m804.music.126.net/20220905225144/1bd8731700be36713a7fe6a561afc798/jdyyaac/010b/040b/535c/6a61b9a6313a0908501ed6ab69be0f6a.m4a?authSecret=000001830e0be7a3143d0aa460b20d27
天下有情人,186583,http://m704.music.126.net/20220905225145/2ce8a9eb90b2e49530709288d326e67b/jdyyaac/025a/0052/035e/50ac88ae207824dc5e54449ac2a471ad.m4a?authSecret=000001830e0be9de08be0aaba375083b
Star of the County Down,4273642,http://m804.music.126.net/20220905225145/c786cdd029749b846e1f3b9c2e4c079c/jdyyaac/0e08/0509/010f/9be16c6e8e2c16091d276ebdc30e3b9c.m4a?authSecret=000001830e0bec1f015f0aaba24e2307
Les rois du monde,483680382,http://m804.music.126.net/20220905225146/fd1ee1caadf78b92f3784968fb545f97/jdyyaac/5259/0152/0f58/e3d4c24640681884bfda825b4d3ab14b.m4a?authSecret=000001830e0bee3c174f0aaba0461627
Billie Jean,1361962125,http://m10.music.126.net/20220905225147/04abc4b5185ae3b611609076a4d549e8/yyaac/obj/wonDkMOGw6XDiTHCmMOi/3004434466/c11e/80d8/0325/f2b3cbd64730278be410c4fd1e5b9f8f.m4a
River Flows in You,1449021440,http://m10.music.126.net/20220905225147/762e4ec40b6bd74b0d41097cbca6b70c/yyaac/obj/wonDkMOGw6XDiTHCmMOi/2564807575/3ffc/a013/c70a/9cfe15ce12a6a563e59511082aaab610.m4a
为爱痴狂,254499,http://m704.music.126.net/20220905225148/1b1300673b98fc4999c98f2cc17c5b38/jdyyaac/5208/550e/0f5f/eb392e9058bdb72624c1856733f4b46c.m4a?authSecret=000001830e0bf48a1c1d0aaba02706ab
Scarborough Fair,5254072,
披着羊皮的狼,77211,http://m10.music.126.net/20220905225149/a6eb89cccc5254fe187327264f04379b/yyaac/obj/wonDkMOGw6XDiTHCmMOi/3066273735/2730/944f/dbc3/e74e6901cabd5b209e23147197e6cca2.m4a
丁香花,151985,http://m10.music.126.net/20220905225149/4042695997a5510969ca0daeed0e64a3/yyaac/obj/wonDkMOGw6XDiTHCmMOi/2976583530/0571/6cb4/c66c/53007bce12f0b1e779f2afae287dd945.m4a
太多,69827,http://m804.music.126.net/20220905225150/9411a65d356b5ac95e0eac3ba25297bc/jdyyaac/0059/0453/045e/73634982e0399559e64a340b288d7972.m4a?authSecret=000001830e0bfd5107b20aaba0891031
鲁冰花,34601676,
Twilight,17539278,http://m10.music.126.net/20220905225151/0d63f80d4c7a91bf50310e36848f3014/yyaac/obj/wonDkMOGw6XDiTHCmMOi/3037457871/5bab/665e/47e9/50561a58efa281c831f1d578501db1ca.m4a
The Phantom Of the Opera,16371671,http://m804.music.126.net/20220905225152/ed8a01db8fb916d95fa6ebf7f15bfd9a/jdyyaac/0752/535a/555e/083b9aebf5d0b315a13db4f64a48540f.m4a?authSecret=000001830e0c03cb08fa0aaba54a13af
恋曲1990,109198,http://m804.music.126.net/20220905225152/0b1a4e174be2d579f7447f6dd68e4bc2/jdyyaac/555b/5652/0e58/b1d98f7b2fa883a6eb039299f63d09cb.m4a?authSecret=000001830e0c063613550aaba5091db1
来生缘,112908,http://m10.music.126.net/20220905225153/b1c9a482268e76e2eb27adaa7cbbd0fd/yyaac/obj/wonDkMOGw6XDiTHCmMOi/3035960476/bff5/9967/232d/3295ae0b9f013684ff628c60a24dfdbe.m4a
brave heart,29816860,http://m804.music.126.net/20220905225153/2591d1efd72a768b6b2cf6e989d83f07/jdyyaac/555b/055d/0f53/b134b8a2a327c12885b089d1da4a4141.m4a?authSecret=000001830e0c0a9b03af0aaba51f389b
Nocturne,1086490,http://m804.music.126.net/20220905225154/d7de54a405c1db8da5fbe3ecbb8d041e/jdyyaac/535b/5353/555d/d1001acce9d9403e2b22b7ef639caf26.m4a?authSecret=000001830e0c0cec12b30aa468209e5b
Foretaste,1361962128,http://m10.music.126.net/20220905225154/d07d64f2830ae4d6aae254915cc62246/yyaac/obj/wonDkMOGw6XDiTHCmMOi/3004440477/63e8/70b6/f4bf/8d63c0ad0c7c5f00df03348aecb66b58.m4a
你的样子,390345,http://m704.music.126.net/20220905225155/63f7cf751d93bd47c7061f3ad151d4c3/jdyyaac/045f/0e5c/0753/35ac563d3d96288518a00907213d71f2.m4a?authSecret=000001830e0c11de0c450aaba5032544
祝你一路顺风,5274363,http://m10.music.126.net/20220905225156/c6fc140c3aa92e59ae81a7b298425a77/yyaac/obj/wonDkMOGw6XDiTHCmMOi/3178908280/fd03/0c07/f948/88f23ef2cec74bb127494fe714afc571.m4a
Jingle Bells,19270278,http://m804.music.126.net/20220905225156/b8e4fdb2a949460ae87b36847873797e/jdyyaac/obj/w5rDlsOJwrLDjj7CmsOj/17231629578/22ec/0a35/9225/a4875eacb12e5f7d126dec538beacccf.m4a?authSecret=000001830e0c16161c690aaba04df449
让我欢喜让我忧,188051,http://m804.music.126.net/20220905225157/ff59958c0912a71fbbb4eeb05dfb0e70/jdyyaac/obj/w5rDlsOJwrLDjj7CmsOj/14324361807/4036/7f31/3e3b/569c75f7d2604d51bcd7718fa165895a.m4a?authSecret=000001830e0c185017d90aaba13bef49
爱情转移,65536,http://m704.music.126.net/20220905225157/104222dce90a2b08c01cb573130f281a/jdyyaac/obj/w5rDlsOJwrLDjj7CmsOj/14096514592/de75/b72e/8c8b/6cdcb9ebf83b1db7acd41ba6c28f4c1a.m4a?authSecret=000001830e0c1a6815ae0aaba06b0888
啤酒泡泡,190067,http://m804.music.126.net/20220905225158/0a4a26239a7b45c6ebaa00300e0b2581/jdyyaac/obj/w5rDlsOJwrLDjj7CmsOj/14096524048/7106/50ee/0460/0296d3594a496ad428906098112d43fd.m4a?authSecret=000001830e0c1c6d072c0aaba0bc0758
"Can You Feel the Love Tonight",5057950,http://m704.music.126.net/20220905225158/2025ccb9d5f8a038f777ae00dda43d3d/jdyyaac/obj/w5rDlsOJwrLDjj7CmsOj/4524649822/7452/1a2a/4507/e3e727de629f28fcf8be95c22c56c841.m4a?authSecret=000001830e0c1e7d00040aa4636b8fec
Music of the Night,1931811,http://m10.music.126.net/20220905225159/7af3276c0d10f7a92c6a155e3a7de9d4/ymusic/fe38/f7ad/7143/035ef66b71f38fbf16a03a27c87acf41.mp3
Dancing With Your Ghost,1374329431,http://m804.music.126.net/20220905225159/40a6011b83ba6d4ae955e50f4e2a906d/jdyyaac/obj/w5rDlsOJwrLDjj7CmsOj/14096431125/efc2/6bf7/ab65/283fe7a616aad10392c7f42cb56ddad0.m4a?authSecret=000001830e0c229e1d500aa460aa0973
今宵酒醒何处,427142762,http://m10.music.126.net/20220905225200/588591593d138c65450ba20afcddc114/yyaac/obj/wonDkMOGw6XDiTHCmMOi/14050424810/36a2/1e7b/3cf8/fa2e0a52d07a4b38aa39cd436ceb47cc.m4a
L'amore si muove,35023222,http://m704.music.126.net/20220905225200/48c0db4784c368c59834b0f0e54b2275/jdyyaac/obj/w5rDlsOJwrLDjj7CmsOj/8913742862/9d5b/c37a/cc8f/330b3a4161abf6b074042bbb8e66ba6b.m4a?authSecret=000001830e0c26e302d90aaba13cc87d
有没有一首歌会让你想起我,186624,http://m704.music.126.net/20220905225201/ed386f00b51a6db8d708bd268c6c7904/jdyyaac/0653/0f5e/5259/197a5627f48412d312e9e3ba78341b42.m4a?authSecret=000001830e0c295305820aaba4fa1220
情非得已,176999,http://m10.music.126.net/20220905225202/fa2c075a70c5eab2ac5ad055d357c857/yyaac/obj/wonDkMOGw6XDiTHCmMOi/3063775160/b8d8/e060/74d9/c70fd09a1b4d0532ded8b8bb376bd6a6.m4a
Nothing's Gonna Change My Love For You,2080326,http://m704.music.126.net/20220905225202/5c67607ccd65627fd5b7f3bdb95e485d/jdyyaac/obj/w5rDlsOJwrLDjj7CmsOj/12616527075/d756/3ad9/28d4/da8d8a5e5898b6b0fbd7aac36c1b1db2.m4a?authSecret=000001830e0c2db70b750aaba08b0887
Una Noche,18403499,http://m804.music.126.net/20220905225203/68c599e9b5adb005be7d2f659b516e92/jdyyaac/obj/w5rDlsOJwrLDjj7CmsOj/9047323325/2c52/9ba6/9cb2/6f00cef3970d379b47d641710842cd57.m4a?authSecret=000001830e0c2fc50b550aaba08e87c2
You Raise Me Up,20707713,http://m804.music.126.net/20220905225203/fdac26e9f62cc65638121b8dd143403a/jdyyaac/510c/555b/040f/ff6666baedb16cba221e3efb0a8cb446.m4a?authSecret=000001830e0c320a1bf00aaba3b91d05
Love To Be Loved By You (The Wedding Song),21116721,http://m804.music.126.net/20220905225204/1b3a3e568e6f72e1f2a4bd09be63e93a/jdyyaac/075f/5458/0f0f/05b650428fc2593ec7128e2d9d3cbe91.m4a?authSecret=000001830e0c34bb03e90aa4681b0a9e
Si Tu Me Amas,18403432,http://m704.music.126.net/20220905225205/f9001d3a74337510cd151ff2abafcac6/jdyyaac/obj/w5rDlsOJwrLDjj7CmsOj/8860549683/7cc6/c08e/7442/cb56411d07b049bd25e628c9242e731f.m4a?authSecret=000001830e0c3711065f0aaba13d8415
My Love (Radio Edit),2081057,http://m804.music.126.net/20220905225205/08a1a3fcbee4c8604811ee40f0932484/jdyyaac/020f/5558/025f/5e3b5195a6b2ac77fdd65552369cf1d2.m4a?authSecret=000001830e0c397e198d0aaba54b0c96
Careless Whisper,1361960904,http://m10.music.126.net/20220905225206/709142349a47943f654a72173f5d0514/yyaac/obj/wonDkMOGw6XDiTHCmMOi/3004435649/4d47/36de/6b49/875461fe6580cb56c41002b092eb306d.m4a
Windy and Warm,562516822,http://m804.music.126.net/20220905225206/03de11dd07eeef6f9f9ca96ad38da905/jdyyaac/055e/0652/5358/24bbe72f1e18f9e5d124d26700c2d135.m4a?authSecret=000001830e0c3e1000030aaba0891031
Rudolph the Red-Nosed Reindeer,19270276,http://m704.music.126.net/20220905225207/722f68ccd51b8abb53a4f6e51fb4ea46/jdyyaac/obj/w5rDlsOJwrLDjj7CmsOj/17231696601/059d/7da9/dede/6d4033b1c08d39053f5bb73ec4ab9099.m4a?authSecret=000001830e0c401905a70aaba547096a
Cygnus Garden(Orchestra Ver),1347742867,http://m10.music.126.net/20220905225207/9ed40eae107b6a384427f9799014bdba/ymusic/065c/005c/0f58/16fa19c47b768206fd768219b98cc8c8.mp3
What Are Words,1210461,http://m10.music.126.net/20220905225208/17bf2a6cd5bfc03c6ffdd4b58364f92b/yyaac/obj/wonDkMOGw6XDiTHCmMOi/3058168069/834e/72d6/3865/b1833a355c93e21961af3c6d2003728b.m4a
Let Her Go,18161816,http://m704.music.126.net/20220905225209/21c6612aa0efcea705d78e873f87aad6/jdyyaac/obj/w5rDlsOJwrLDjj7CmsOj/7356509756/ff80/f81c/144f/4ec0ae78f19c889cf69dfef5b4f723d3.m4a?authSecret=000001830e0c46a91be30aaba0af761e
Shattered Time,435403080,http://m804.music.126.net/20220905225209/18e5c0387309bd4a65f17ee49571ffaf/jdyyaac/530f/5509/5153/decaa171abbc4ac15035f97870240d49.m4a?authSecret=000001830e0c48ea1ef00aa463899cfe
The Cygnus Garden,461624934,http://m804.music.126.net/20220905225210/8b6f64950ef22c0512ac7c3606e74209/jdyyaac/0058/5253/0359/722146698ae94e0062f1431d18710ef6.m4a?authSecret=000001830e0c4b3107c90aaba56020a6
Five Hundred Miles,27759600,http://m804.music.126.net/20220905225210/e813603a359f7ee92d04eee4db1f542e/jdyyaac/obj/w5rDlsOJwrLDjj7CmsOj/14096652326/3f57/3a38/d42a/fdbded4e3b1cf299b409dad57caaf3ba.m4a?authSecret=000001830e0c4d6d02a60aa46823085a
赫里希安市中心黑市,411921598,http://m804.music.126.net/20220905225211/636972a5f4388c276c1a4f75ec86c381/jdyyaac/0f5f/515c/535a/855b9566a1f686cbd213d0b1e68f6ac6.m4a?authSecret=000001830e0c4f8404b60aaba0ae5de2
Flower In Blue,33856256,http://m704.music.126.net/20220905225211/c37c390ab04675ecf4f54cafa7958115/jdyyaac/515c/030b/0608/f64e4b239c4a4f8adbe71bbac4bdfca4.m4a?authSecret=000001830e0c51c107460aa4681d1bdf
모르반,457552894,http://m804.music.126.net/20220905225212/5d2419774f2c719c82d4cbf7d0d5ce34/jdyyaac/5358/5308/5458/d2ceb0d312dbb0cc27ebc2d943183f4c.m4a?authSecret=000001830e0c53d01a840aa46845248d
时间之路,27907389,http://m804.music.126.net/20220905225213/eba85e18c10879d53ae524d13b37b899/jdyyaac/0258/055c/030c/521dc039f226f90e4f564fa88ab4ea82.m4a?authSecret=000001830e0c561308ab0aaba075a9e5
魔法密林怪物地带,29810786,http://m804.music.126.net/20220905225213/13a2d06dea6cde231b5ac35d5fcf5c41/jdyyaac/015d/025a/5208/67378dc4235030690601ebf3e8b8d8c9.m4a?authSecret=000001830e0c582d1b600aa4683c6cb7
玩具城扭曲时间(后段),30482590,http://m804.music.126.net/20220905225214/cff316351c0993691711430d7676fad5/jdyyaac/0f58/0359/515c/82fc45b59a43c66a666bf6b630e33049.m4a?authSecret=000001830e0c5a4e155f0aaba3810446
涛声依旧,135747,
天空之城-玩具城 港口,30482579,http://m804.music.126.net/20220905225215/13970589f5a1c8daa3ace8f4f4fbc83c/jdyyaac/540f/5508/060f/ced4aeedadbb08a352e31eb6af19eed8.m4a?authSecret=000001830e0c5e69050e0aaba613158c
Road To Gundaghi Waltzing Matilda (Album Version),2318339,http://m804.music.126.net/20220905225215/fe83f6ec66b442e5254fdd972c9790fd/jdyyaac/obj/w5rDlsOJwrLDjj7CmsOj/17067256078/4462/aa6a/48fd/aa63e7a5c657506c0fc700f2b649aecc.m4a?authSecret=000001830e0c60ab16d20aa468382604
玩具城扭曲时间(前段),30482589,http://m704.music.126.net/20220905225216/1935eaa95af09aff2cbe2db8d15b4217/jdyyaac/5252/5252/005a/e849f2822ee8119c933670b0bd20da77.m4a?authSecret=000001830e0c62bb18260aaba08f14a5
玩具塔塔外,27907401,http://m704.music.126.net/20220905225216/295a3dfb0139ac50f804faa879202ffc/jdyyaac/0f5c/015a/015a/864c5eeb8e60f4386a2660dae9a961a1.m4a?authSecret=000001830e0c64ea09de0aaba138ad49
玩具塔,27907400,http://m704.music.126.net/20220905225217/ccca7335112fdd5c5bdb95b9fafe4d50/jdyyaac/0e5f/540e/550c/9560331e69cde36bbc6ebfdc695eef9e.m4a?authSecret=000001830e0c66ff0eec0aaba315264d
눈의 꽃 [Bonus Track],22840538,http://m10.music.126.net/20220905225217/d4610fb517eaf8fcc7caaba9346c85a2/ymusic/6645/7b4e/814d/32ba956910f324ac861179117155f9db.mp3
昔日的荣耀,27907406,http://m704.music.126.net/20220905225218/0784fbf5fbc4838c4d28bf4cd67cc9ab/jdyyaac/535e/565b/045e/d4e853687da178e732ab34a47424831d.m4a?authSecret=000001830e0c6b55009c0aa46371113b
Shape of You (Latin Remix),465973758,http://m804.music.126.net/20220905225219/8871ab71882463b772f98401d14be53c/jdyyaac/obj/w5rDlsOJwrLDjj7CmsOj/14708746272/436c/c798/caa9/c0bf419431dd73b6c3c4e76c0c1c78c0.m4a?authSecret=000001830e0c6d6a1d2b0aaba0ac0085
Rak Diao (Album Version),506425820,http://m804.music.126.net/20220905225219/991505a7364a60b58a6e9416975b1100/jdyyaac/obj/w5rDlsOJwrLDjj7CmsOj/8908214322/23e6/d2e9/44ac/d879e38613251aba77db471415b4b656.m4a?authSecret=000001830e0c6fc11e5f0aaba23dc48f
